nombre,apellido,edad,telefono
Christi,Chung,6,7259086803
Latrice,Chen,90,8827334012
Kellen,Melton,38,6698991251
Freddie,Hill Wallace,117,750536414
Clara,Puckett,68,7373028446
Rosanna,Song,4,8139730206
Demarcus,Hamilton,24,6988315673
Domonique,Bender,20,891032474
Alvaro,Bender,99,8392120088
Shaina,Wagen,5,7611005570
Nathanael,Mc Laughlin,25,8730953311
Kacie,Woodard,75,6466921666
Jodie,Clark,31,8970528495
Dusty,Raynor,7,7754549732
Sidney,Skykru,76,7201360559
Adrianne,Lovel,6,6466921666