nombre,apellido,edad,telefono
Adrianne,Lovel,6,6466921666
Alvaro,Bender,99,8392120088
Christi,Chung,6,7259086803
Clara,Puckett,68,7373028446
Demarcus,Hamilton,24,6988315673
Domonique,Bender,20,891032474
Dusty,Raynor,7,7754549732
Freddie,Hill Wallace,117,750536414
Jodie,Clark,31,8970528495
Kacie,Woodard,75,6466921666
Kellen,Melton,38,6698991251
Latrice,Chen,90,8827334012
Nathanael,Mc Laughlin,25,8730953311
Rosanna,Song,4,8139730206
Shaina,Wagen,5,7611005570
Sidney,Skykru,76,7201360559
